Unnamed: 0,review,item,sale_info,complaints,review_cleaned,sentiment
0,"Звертаюся до Розетки чи до представника бренду!
В комплекті була інструкція до іншої коси, 2-х тактної, де мені взяти інструкцію до цього товару???",Коса 2-тактна,,Нема інструкції,звертатися розетка представник бренд комплект інструкція інший коса тактної взяти інструкція товар,Negative
1,Купила собі цей чудо робот-пилосос. Задоволена на всі 100%.Свою роботу він робить відмінно. Рекомендую хто ще думає...,Робот-пилосос,,,купити чудо робот пилосос задоволений робота робити відмінно рекомендувати думати,Positive
2,"Одноразовий. Дитя папу раз його торкнувся і все пісні до кінця не грають та і нема там заявленої кількості пісень (рахувала)
",Плеєр,,"Кількість пісень не відповідає зазначеній, пісні до кінця не грають",одноразовий дитя папу торкнутися пісня кінець грати нема заявлений кількість пісня рахувала,Negative
3,"Дешеві пігулки. Якщо ніякого ефекту не буде - не шкода грошей. Прийшло все закрите і запаяне плівкою. До того ж сама кришка з пломбою.
",Пігулки,Дешеві ,Товар прийшов запаяний плівкою та з пломбою на кришці,дешевий пігулка ніякий ефект шкода гроші прийти закритий запаяний плівка кришка пломба,Neutral
4,"Отримала сьогодні тискомір не той що замовила?!Коли передзвонила ,то мене ще звинуватили ,що не вмію з ним працювати.Люди не купляйтесь на таких продавців ,що обманюють людей?!
",Тискомір,,"Клієнтка отримала не те товари, що замовила. Продавці звинуватили клієнтку, що вона не вміє користуватися товаром. Клієнтка зазначила, що продавці обманюють покупців.",отримати тискомір передзвонити звинуватити вміти працювати люда купляйтесь такий продавець обманювати людина,Negative
5,"Проблема тонкої обкладинки вирішується цупкою обгорткою або можна накласти ще одну, вже підписану з іншого зошита.
",Обгортка для зошита,,Тонка обкладинка,проблема тонкий обкладинка вирішуватися цупкий обгортка накласти одну підписаний інший зошит,Neutral
6,"Почав встановлювати, а мийка вигнута дугою. По краях лежить ідеально на столешні, а посередині щілина майже в півсантиметри. Як так???
",Мийка,,Мійка вигнута дугою та має щілину в середині,почати встановлювати мийка вигнутий дуга край лежати ідеально столешні посередині щілина півсантиметри,Negative
7,"Порадив придбати лікар-ортодонт для ополіскування ротової порожнини після чищення зубів (встановлені брекети). Ополіскувач видаляє бактерії, з якими не впоралася зубна паста. Результатом задоволена і я і лікар-ортодонт. Все супер
",Ополіскувач,,,порадити придбати лікар ортодонт ополіскування ротовий порожнина чищення зуб встановлений брекети ополіскувач видаляти бактерія який впоратися зубний паста результат задоволений лікар ортодонт супер,Positive
8,"Ручка обламалась на першій свічці.
виймаєш вороток, а головка залишається в свічці яку не викрутити бо ручка обломана
",Свічка,,"Ручка обламалась на першій свічці, виймаєш вороток, а головка залишається в свічці, яку не викрутити бо ручка обломана",ручка обламатися перший свічка виймати вороток головка залишатися свічка який викрутити ручка обломана,Negative
9,"У мене автомобіль КІА з салону стояв акумулятор виробництва Solite і він пропрацював рівно десять років. Кращої реклами неможливо придумати.
",Акумулятор Solite для автомобіля КІА,,,автомобіль кіа салон стояти акумулятор виробництво solite пропрацювати рівно кращий реклама неможливо придумати,Positive
20,"Гарна подарункова коробка) Люблю трав'яніий збір, тож мені є чим смакувати. А решта... квіточки, шипшина, плоди.... шось не дуже.
Але чашка наче не фарбується, тож думаю, натуральні барвники
",Подарункова коробка,,"Квіточки, шипшина, плоди не дуже сподобались, можливо через ненатуральні барвники",гарний подарунковий коробка любити збір тож смакувати решта квіточка шипшина плід шось чашка наче фарбуватися тож думати натуральний барвник,Neutral
21,Молочко просто чудове. на розетці мабуть найнижча ціла. у нас в аптеках на 35% дорожче.,Молочко,Дешеве,,молочко чудовий розетка мабуть найнижчий цілий аптека дорожче,Positive
22,"Ми з цього пюре розпочали прикорм, дуже гарний склад, консистенція, і якість. Синочок був в захваті.
",Пюре,,,пюре розпочати прикорм гарний склад консистенція якість синочок захват,Positive
23,"Недостатньо інформації про контрольний розчин. Якщо його перевірити на апараті і він показує якусь цифру, то з якою цифрою цей показник порівнювати? Хочеться побачити відповідь.
",Контрольний розчин,,Недостатньо інформації про контрольний розчин,недостатньо інформація контрольний розчин перевірити апарат показувати якийсь цифра який цифра показник порівнювати хотітися побачити відповідь,Neutral
24,"Мені зовсім не сподобались. Дуже гнуться і тому ними не зручно працювати. В продажі по 4 пачки, що з ними тепер робити? Не рекомендую.",,,"Незручність у використанні, погана якість",сподобатися гнутися зручно працювати продажа пачка робити рекомендувати,Negative
25,"Купив дані розетки на всю квартиру, і через місяць пластик що всередині пожовтів, тепер рамка відрізняється за кольором
",Розетки,,Колір пластику на розетках пожовтілий,купити дані розетка квартира місяць пластик всередині пожовтів рамка відрізнятися колір,Negative
26,"Завжди купую Lovare. Чай дуже смачний, давно хотіла таку чашку. Низька ціна за набір, що радує. Рекомендую.
",Lovare чай,Низька ціна,,купувати lovare чай смачний хотіти такий чашка низький ціна набір радувати рекомендувати,Positive
27,"Не синхронізуються. Всі методи які існують були перевірені. Але так нічого не помогло. Кожен працює як окремий гаджет.
",,,Не синхронізуються,синхронізуються метод існувати перевірений помогти працювати окремий гаджет,Negative
28,"Дизайн - космос. Якість - супер. З додатком не так все просто. Постійно гріє воду, якщо не скористався після увімкнення.
",,,"Постійно гріє воду, якщо не скористався після увімкнення.",дизайн космос якість супер додаток постійно гріти вода скористатися увімкнення,Positive
29,"Вмерла через два місяці... Приймач дуже гріється у будь якому ПК та не детектиться. Пишу на обмін.
",Пристрій зберігання даних,,"Виникли проблеми з приймачем, який гріється та не детектується в будь-якому ПК. Продавець informeed про проблему та пропонує на обмін.",вмерти місяць приймач грітися який пк детектиться писати обмін,Negative
30,"Купили по акції і купились на crema , висновки:пінка не дуже зразу осідає,і смак в порівнянні з іншими ambassador для мене ця найгірша
",Кава,Акція,"Не дуже зразу осідає піна, смак гірший",купити акція купились crema висновок пінка зразу осідати смак порівняння інший ambassador найгірший,Negative
31,"Прийшло замовлення оперативно, але не зовсім те що на фото. Відсутня скамья Скотта. Навіть в інструкції її нема. Куди можна звернутися, щоб вирішити цю проблему
",Меблі,,"Відсутня скамья Скотта, про яку було на фото",прийти замовлення оперативно фото відсутній скамья скотта інструкція нема звернутися вирішити проблема,Negative
32,"За таку ціну (особливо зі знижкою!) - добра кава: запашна, м""яка, насичена, але не для любителів міцної кави
",Кава,знижка,,такий ціна знижка добрий кава запашний насичений любитель міцний кава,Positive
34,"Особливого вау ефекту не помітила. Дитина п'є, коли хоче пити. Спокійнішою не стала. Звичайний чай швидкого приготування, який нічим не відрізняється від аптечної ромашки,але слабенької концентрації.
",Чай ромашковий,,Неефективність продукту,особливий вау ефект помітити дитина хотіти пити спокійніший стати звичайний чай швидкий приготування ніщо відрізнятися аптечний ромашка слабенький концентрація,Neutral
35,"підключався монітор VGA до ПК, перечитавши відгуки, дійсно HDMI не до кінця входить у роз'єм відеокарти, пласкогубцями відігнув метал зверху над роз'ємом і ввійшло до кінця. Запрацювало зразу без проблем
",Відеомонітор VGA,,,підключався монітор vga пк перечитавши відгук hdmi кінець входити відеокарта пласкогубцями відігнути метал зверху ввійти кінець запрацювати зразу проблема,Neutral
36,"Через невірно вказані на сайті габарити вимушені були повернути, бо автомат не влазить в двері санвузла. Продавець не довольний і потребує оплатити послуги доставки. Це нормально?
",Товар для санвузла,,"Невірно вказані габарити, вимога оплатити послуги доставки",невірно вказаний сайт габарит вимушений повернути автомат влазить двері санвузла продавець довольний потребувати оплатити послуга доставка нормально,Negative
37,"Чомусь дитині не зайшло, на смак майже ніяке. Хоча склад ніби ок, і солодкого дитина не куштувала взагалі
",,,Смак поганий,чомусь дитина зайти смак ніяке склад ок солодкий дитина куштувати взагалі,Negative
38,"Куплені 29.11.2021 року. Вже один навушник не тримає заряд, розряджається й вимикається буквально за кілька хвилин після діставання з футляра. От і кінець історії",Навушники,,Навушник не тримає заряд,куплений навушник тримати заряд розряджатися вимикатися буквально хвилина діставання футляр от кінець історія,Negative
39,"Підключав з ноута до телевізора. І фільми, і ігри ідуть на ура. Зображення чітке, звук є. Розширення ноута: 1920x1080 (Full HD)",,,,підключати ноут телевізор фільм гра іти ура зображення чіткий звук розширення ноута full hd,Positive
40,"Гарна праска з повним функціоналом та керамічним покриттям підошви за невеликі гроші. Брендові Філіпси та Тефаль аналогічні за потужністю та функціоналом - в кілька разів дорожче.
",Праска,Дешева,,гарний праска повний функціонал керамічний покриття підошва невеликий гроші брендовий філіпси тефаль аналогічний потужність функціонал раз дорожче,Positive
41,"При включенні просто чорний екран, пише що тип сигналу не сумісний, перевірив ще на 2 моніторах і на різних пристроях: відеокарти, т2 тюнери. Результат такий самий. Не працює.",Пристрій для підключення монітора,,Пристрій не сумісний з моніторами та відеокартю/т2 тюнером.,включення чорний екран писати тип сигнал сумісний перевірити монітор різний пристрій відеокарта тюнер результат самий працювати,Negative
42,"Брали на подарунок, коробки пом'яті, наклейки порвані, неакуратно виглядали. Стосовно самого чаю - очікували більшого. Аромат ледь відчутний, смаку майже нема. Все-таки розсипний чай смачніше ніж пакетований
",Чай,,"Коробки пом'яті, наклейки порвані, чай з малим ароматом та смаком.",брати подарунок коробка наклейка порваний неакуратно виглядати стосовно чай очікувати більший аромат ледь відчутний смак нема таки розсипний чай смачніше пакетований,Negative
43,"Пропрацював неповний тиждень і накрився, спочатку показувало все прекрасно, але потім почало показувати три різнокольорові зображення віддільно. Після вимкнення комп‘ютера при повторному під‘єднанні і перестало виводити зображення взагалі ",Монітор,,Зображення не відображаються після повторного підключення після вимкнення комп'ютера,пропрацювати неповний тиждень накритися показувати прекрасно почало показувати різнокольоровий зображення віддільно вимкнення повторний перестати виводити зображення взагалі,Negative
44,"Памперси українського виробництва. Взагальному нормальні, але польського виробництва плотніші та грубші. Тому більше замовляти не буду.
",Памперси,,,памперс український виробництво взагальному нормальний польський виробництво плотніші грубші замовляти,Neutral
45,"Пропрацював рівно день і здох, підозрюю що через адаптер живлення він у мене 65w а на одному з фото пише що максимум 60, але до того працював добре",Адаптер живлення ноутбука,,,пропрацювати рівно здох підозрювати адаптер живлення одному фото писати максимум працювати,Negative
46,"Користуюсь тиждень. Непогана мишка за свої гроші. Для того, щоб налаштувати під себе, скачайте додаток з сайту підтримки.
",Мишка,,,користуватися тиждень непоганий мишка гроші налаштувати скачати додаток сайт підтримка,Positive
47,"Щоб гарно було чути, потрібно мікрофон наближати до самого рота, інакше - сторонні звуки і гірший звук
",Мікрофон,,"Сторонні звуки, гірший звук",гарно чути мікрофон наближати рот інакше сторонній звук гірший звук,Neutral
48,"Купив собі. Пробував на авто зривати . то зірвав без проблем і затянув. Як для себе буде норм, а от для СТО то мабудь невитримає.
",Ключ для авто,,,купити пробувати авто зривати зірвати проблема затянув норма от сто мабудь невитримає,Neutral
49,"Купила для своєї бабусі у літню кухню. Дуже швидко прогріла приміщення і приємно порадувала варильна поверхня, на якій змогли приготувати їжу. Дякую за швидку доставку і якісну продукцію.
",Піч,,,купити бабуся літній кухня швидко прогріти приміщення приємно порадувати варильний поверхня змогти приготувати їжа швидкий доставка якісний продукція,Positive
50,"Брав 2 штуки, на сім'ю з 5 чоловік, пів року політ нормальний, заряджаються раз в 3-4 тижні. Функціонал задоволений на всі 100%",,,,брати штука чоловік пів політ нормальний заряджаються тиждень функціонал задоволений,Positive
51,"витяжка мені подобається. всі характеристики відповідають опису. зручно наявність таймера, з його допомогою тепер контролюю процес приготування, двигун мощний але не гулкий. однозначно вартий уваги варіант!
",Витяжка,,,витяжка подобатися характеристика відповідати опис зручно наявність таймер допомога контролювати процес приготування двигун мощний гулкий однозначно вартий увага варіант,Positive
52,"Дуже хороші пелюшки,гарно впитують і скоро сохнуть,не збиваються в одну сторону,ідеально підходять для малюків. Однозначно рекомендую ! ",Пелюшки,,,хороший пелюшка гарно впитують скоро сохнути збиватися один сторона ідеально підходити малюк однозначно рекомендувати,Positive
53,"Мій коментар субєкнийвний:
Глючить мало, є затримки але несуттєві.
Пульт зручний, легко керувати.
Думаю це нормальна річ за свої гроші, як для хорошого китайського бренда.
",Пульт,,Несуттєві затримки,коментар субєкнийвний глючити затримка несуттєвий пульт зручний легко керувати думати нормальний річ гроші хороший китайський бренд,Neutral
54,"Взагалі для такого виробу у нього гарна ціна,простий у користуванні,мобільний. Якби була б трішки довша штанга розприскувача.
",Виріб для чищення,,Трішки мала штанга розприскувача,взагалі такий виріб гарний ціна простий користування мобільний якби трішки довший штанга розприскувач,Positive
55,"Не дає оцінити товар бракований розпилювач, тупо цвіркає струменем, а не розпилює, менше ніж за два тижні користування флакона 50мл як не бувало((",Розпилювач,,Розпилювач бракований,давати оцінити товар бракований розпилювач тупо цвіркати струмінь розпилювати тиждень користування флакон бувати,Negative
56,"Дуже задоволена цими трусиками памперси, вони зручні не залишають слідів на дитячому тілі. Добре виконують свою функцію, спимо в них цілу ніч, ні разу нам не протекли. Рекомендую.
Швидка доставка
",Памперси,,,задоволений трусиками памперс зручний залишати слід дитячий тіло виконувати функція спати цілий ніч протекти рекомендувати швидкий доставка,Positive
57,"При роботі штроборізом 25% пилу не всмоктує. Під час чищення салону автомобіля, результат половинчастий. Обичний побутовий пилосос вичистив набагато краще.",Пилосос,,Не всмоктує 25% пилу та результат чищення салону автомобіля не задовільний,робота штроборізом пил всмоктувати чищення салон автомобіль результат половинчастий обичний побутовий пилосос вичистити набагато,Negative
58,"Кабель працює, флешку телефон бачить. Роз'єми при цьому дуже жорсткі - для підключення/відключення що флешки, що телефона потрібно прикладати значні зусилля.
",,,Незручні жорсткі роз'єми,кабель працювати флешка телефон бачити жорсткий підключення відключення флешка телефон прикладати значний зусилля,Neutral
59,Товар дуже не якісний з 50 дисків жодного не вдалось записати нормально. Не рекомендую цей товар,Диски,,Неякісний,товар якісний диск жодний вдатися записати нормально рекомендувати товар,Negative
60,"Не купуйте і НІКОЛИ не пийте ЦЕ. Біля віскі ця бурда навіть порят не стояла.
",Віскі,,Неякісний,купувати пити віскі бурда порят стояти,Negative
61,"Купили цю витяжку півроку тому. Я в декреті, будинки постійно, багато готую і запах і задуха стояли на всю квартиру, ця витяжка впоралася з усім! Дуже задоволена, хоча і шумить.
",Витяжка,,,купити витяжка піврік декрет будинок постійно готувати запах задуха стояти квартира витяжка впоратися задоволений шуміти,Positive
62,"Як на мене завеликий отвір, куди дитина сідає. У мене хлопчина маленький на свої 3 роки і попою майже дістає дна. Не дуже приємно, але все індивідуально)",Крісло для дитини,,Висота отвору для сидіння завелика,завеликий отвір дитина сідати хлопчина маленький попою діставати дно приємно індивідуально,Negative
63,Якби знала що вони такі тонюсіньки то не купила б.За 115гр. можна купити кращі .,,Дорого,Недостатня якість,якби знати тонюсіньки купити купити кращий,Negative
64,"Купив дівчині на 14-е лютого, виявились не робочими, кейс просто показує індикатор підключення, жоден пристрій їх не бачить.",Навушники,,Не працюють,купити дівчина лютий виявитися робочий кейс показувати індикатор підключення жодний пристрій бачити,Negative
65,"Загалом посередня каністра. Купував таких чотири штуки. Дві не пропускають запах бензину, дві пропускають. Тому тут як пощастить. Комплектна лійка незручна, бензин протікає. Розмір і форма зручна.
",Каністра для бензину,,"Незручна лійка, бензин протікає",загалом посередній каністра купувати такий штука пропускати запах бензин пропускати пощастити комплектний лійка незручний бензин протікати розмір форма зручний,Neutral
66,"Наволочки:білі з часом покриття скручується.Розлито було сік червоний,пятно залишилось.
Не приємно на самій наволочці спати.Хрустить.
Х.б і ця це два різних відчуття.
",Наволочки,,Неприємні для сну,наволочка білий час покриття скручуватися розлити сік червоний пятно залишитися приємно наволочка спати хрустіти різний відчуття,Negative
67,"Світло-каштанова фарбує темно-коричневим, я б сказала майже чорним. Тримається на волосах тиждень, на шкірі до двух днів.
",Фарба для волосся,,"Неправильний колір, нестійка фарба",світло каштановий фарбувати темно коричневий чорний триматися волос тиждень шкіра двух день,Negative
68,"Не вартує таких коштів...,не акуратно литий...,з однієї сторони пластмаса жовта...,а як працювати буде,побачимо...,не повертала,бо дома до ока впало,що там брак.
",,,Бракований товар,вартувати такий коштів акуратно литий сторона пластмаса жовтий працювати побачити повертала дома ока впасти брак,Negative
69,"Заказувала 30 липня, світить чудово освічує всю кімнату. Через пару днів після покупки сам почав включатися не дуже комфортно постійно треба включати його.",Світильник,,Виключається,заказувала липень світити чудово освічувати кімната пара день покупка почати включатися комфортно постійно включати,Neutral
70,"раз на рік купую дитині ці навушники. Так, як їх закручують вузлами - не кожні витримають
",Навушники,,,купувати дитина навушник закручувати вузол витримають,Positive
71,"Отримала, і засмутилася, на великій сильно заїдає блискавка, на сумці яка найважливіша, я не знаю чи доживе вона до пологового. ",Сумка,,Блискавка заїдає,отримати засмутитися великий сильно заїдати блискавка сумка найважливіший знати дожити пологовий,Negative
72,"Нажаль при замовленні двох одиниць для однієй не було картонових вставочок в пакуванні. Через це не дуже гарно тримає форму.
",,,Погано тримає форму,нажаль замовлення одиниця однієй картоновий вставочка пакування гарно тримати форма,Negative
73,"Приємний аромат: не різкий, легкий. Як на мене, то це унісекс: інколи сама каристуюся ))). Єдиний мінус (для мене) - нестійкий... Покупкою задоволена але повну версію брати не буду...
",Парфюм,,Нестійкий аромат,приємний аромат різкий легкий унісекс інколи каристуюся єдиний мінус нестійкий покупка задоволений повний версія брати,Neutral
74,"клавіатура не погано друкує, кнопки і все інше зроблено добре і є светодіот для Caps l. крім пробілу він зроблений криво, як завжди в бочці меду є ложка дьогтю
",Клавіатура,,Погана кнопка пробілу,клавіатура погано друкувати кнопка зробити светодіот caps пробіл зроблений криво бочка мед ложка дьогтю,Neutral
75,"Стильний блендер, достатньо потужний та навіть з запасом, подрібнює та взбиває усе. Простий у користуванні, працює чудово. Користуємося 3 місяці.",Блендер,,,стильний блендер достатньо потужний запас подрібнювати взбиває простий користування працювати чудово користуватися місяць,Positive
76,"Легко було налаштувати , та україно мовний застосунок можна оновлювати роутер дивитися хто підключений , та швидкість інтернету дуже добре
",Роутер,,,легко налаштувати україна мовний застосунок оновлювати роутер дивитися підключений швидкість інтернет,Positive
77,"Туш жахлива!!!! Осипається, віт такої щіточки вії в різні сторони стирчать.
Важко змивається.
Наносити потрібно в 3 слої, щоб більш менш нормально виглядали.
Не рекомендую!!",Туш,,Туш неякісна,туш жахливий осипатися віт такий щіточка вія різний сторона стирчати важко змиватися наносити слої нормально виглядати рекомендувати,Negative
78,"Дуже дивно, що на комп""ютері та ноуті вай-фай не виставляється. а на планшеті - є
",,,На комп'ютері та ноутбуці вай-фай не виставляється,дивно ноуті вай фай виставлятися планшет,Negative
79,"Поки що тільки одну вкрутив, світить добре але видає не гучний але помітний гул, димер не використовується.
",Вентилятор,,"Має помітний гул, димер не використовується",один вкрутити світити видавати гучний помітний гул димер використовуватися,Neutral
80,"Тільки купили, встановили і коли включили світло побачили дефекти - оплавлені верхня панель та бічна стінка, явно заводський брак. Не сподівались такаго за цю ціну. Додаю фото.
",,,дефекти на верхній панелі та бічній стінці,купити встановити включити світло побачити дефект оплавлений верхній панель бічний стінка явно заводський брак сподіватися такаго ціна додавати фото,Negative
81,"Бліклий, неконтрастний друк. У конкурентів якість друку знижується в кінці ресурсу картриджу, а тут - низька якість з початку використання.
",Картридж для принтера,,Низька якість друку протягом усього використання картриджу,бліклий неконтрастний друк конкурент якість друк знижуватися кінець ресурс картриджу низький якість використання,Negative
82,"Через тиждень роботи послали періодично рипіти, і коли довго сидиш в них починають боліти вуха
",навушники,,"Неякісний звук, болять вуха",тиждень робота послати періодично рипіти сидіти починати боліти вухо,Negative
83,"Купив недавно, все підключилось без проблем, але з мінусів відсутність сирени та погані батарейки в комплекті, датчик дверей вирубився через тиждегь
",Система безпеки для дому,,"Недоліки: відсутність сирени, погані батарейки в комплекті, датчик дверей вийшов з ладу через тиждень",купити недавно підключитися проблема мінус відсутність сирена поганий батарейка комплект датчик двері вирубитися тиждегь,Neutral
84,"Взяв ці просто на пробу.
Непогані батончики, та всеж пробував набагато кращі, є з чим порівняти. Для мене особисто замалі і як перекус треба хіба 2 зїсти.",Батончики,,Замалі,взяти проба непоганий батончик всеж пробувати набагато кращий порівняти особисто замалий перекус зїсти,Neutral
85,"Після першої зарядки пристрій не працює. Перезапустити неможливо. Навіть коли від'єднати від зарядного всеодно на дисплеї показує, що ніби-то пристрій заряджається. Прошу замінити пристрій на працюючий, або повернути кошти.
",Пристрій,,"Пристрій не працює після першої зарядки, неможливо перезапустити та повертається до заряджання навіть після від'єднання від зарядного пристрою.",перший зарядка пристрій працювати перезапустити неможливо зарядний всеодно дисплеї показувати пристрій заряджатися просити замінити пристрій працюючий повернути кошти,Negative
86,"Гейнер виконує свою функцію чудово. Однак в чоловіка на нього є алергічна реакція: сильний свербіж шкіри.
",Гейнер,,,гейнер виконувати функція чудово чоловік алергічний реакція сильний свербіж шкіра,Neutral
87,"#Розпакуваннядіти
Пазли-гра порадувала. Упаковка тубус великого розміру, якісна, зручно буде зберігати. Пазли великого розміру, яскраві. В комплекті йдуть наклейки і завдання, завдання дитині сподобалися. На подарунок чудовий варіант. Однозначно рекомендуємо
",Пазли,,,розпакуваннядіти пазл гра порадувати упаковка тубус великий розмір якісний зручно зберігати пазл великий розмір яскравий комплект йти наклейка завдання завдання дитина сподобатися подарунок чудовий варіант однозначно рекомендувати,Positive
88,"Придбала цю лампу в кінці січня. Дуже подобалася, нарікань не було. А сьогодні спробувала увімкнути, а вона не вмикається. Все. Вистачило на 2 місяці",Лампа,,Лампа не вмикається після 2 місяців роботи,придбати лампа кінець січень подобатися нарікання спробувати увімкнути вмикатися вистачити місяць,Negative
89,"Коли купив, встановив на нього віндовс, все почало ввдкриватись та завантажуватись миттєво, але вчора ноутбук просто не увімкнувся.
",Ноутбук,,Проблеми з завантаженням ноутбука після першого встановлення Windows,купити встановити віндовс почало ввдкриватись завантажуватись миттєво вчора ноутбук увімкнутися,Negative
90,"9 місяців роботи без проблем, дуже задоволений!!Дуже зручно, що є дві швидкості)другу використовував тільки для міксера, для самонарезів в дерево хватає першої плавної, користуюсь кожен тиждень!)Задоволений!",Електрична пила,,,місяць робота проблема зручно використовувати міксер самонарезів дерево хватати перший плавний користуватися,Positive
91,"Колготки дійсно не відповідають фото на сайті. Малюнок є тільки на ніжках. За ці гроші можна придбати Колготки кращої якості. Є легке розчарування. Подивитися як поведуть себе після прання.
",Колготки,,Невідповідність з фото на сайті,колготки відповідати фото сайт малюнок ніжка гроші придбати колготки кращий якість легкий розчарування подивитися повести прання,Negative
92,"Після 2-х років нечастого використання (1-2 рази на тиждень), згоріла спіраль в 3-х місцях, ремонту не підлягає(( на сервісі кажуть це дуже часта пооблема з фенами Філіпс.",Фен,,Спіраль згоріла в 3-х місцях,нечастий використання раз тиждень згоріти спіраль місце ремонт підлягати сервіс казати частий пооблема фен філіпс,Negative
93,"Дуже поганої якості, більш ніж двоженну щетину просто рве. Поголотися гладко зовсім не вийшло. Не рекомендую нікому
",Бритва,,Погана якість,поганий якість двоженну щетина рвати поголотися гладко вийти рекомендувати ніхто,Negative
94,"Ціна,якість. Монітор коштує своїх грошей. Меню української,що дуже зручно. Дякую компанії за зручну програму андроїд і широкий асортимент товару. Всіх з наступаючим Новим Роком!!!!!!!
",Монітор,,,ціна якість монітор коштувати гроші меню український зручно компанія зручний програма андроїд широкий асортимент товар наступаючий новий рок,Positive
95,"Зручна миша глибокого чорного кольору, користуюсь вже більш ніж пів року, жодних претензій не виникло.
",Миша,,,зручний миша глибокий чорний колір користуватися пів жодний претензія виникнути,Positive
96,"Песик гарний але має мінуси , довжина повідка комфортна до 4років, і сам повідок має дуже погане кріплення до песика, іграшці один день а повідок вже відчіпляється сам(",Іграшка,,Кріплення поводка до песика ненадійне,песик гарний мінус довжина повідка комфортний повідок поганий кріплення песик іграшка повідок відчіплятися,Neutral
97,"Коляска красива та сучасна. Та передні колеса справжній кошмар. Вони крутяться, да так що коляска не їде, довго ми мучилася поки не розрутили їх, та зробили так щоб не крутилися.
",Коляска,,Передні колеса поганої якості,коляска красивий сучасний передній колесо справжній кошмар крутитися да коляска їхати мучитися розрутили зробити крутитися,Neutral
98,"Завжди користуємося цими підгузниками, але замовляла їх з розетки, і чомусь гірша якість. Швидше наповнювалися, обвисали дуже. Таке враження що браковані
",Підгузники,,Браковані,користуватися підгузник замовляти розетка чомусь гірший якість швидше наповнювалися обвисати враження бракований,Negative
99,"Олію вживати неможливо,хімічний запах і смак...П'ять літрів бутль непридатний до вживання....До цього брала літрові дві пляшки,була добра...
",Олія,,Поганий запах і смак,олія вживати неможливо хімічний запах смак літр бутль непридатний вживання брати літровий пляшка добрий,Negative
100,"Мозаіка хорошої якості. Але не було однієї картки з пінгвіном. До мене слідів відкриття упаковки не помітила
",Мозаїка,,,мозаіка хороший якість картка пінгвін слід відкриття упаковка помітити,Positive
101,"Коврик норм , але вонючий , після роботи воняє китайской резиною ще й рука )
",Коврик,,Неприємний запах,коврик норма вонючий робота воняти китайской резиною рука,Negative
102,"Відразу розраховуйте що тут немає мірної ложки і хочаб пробних фільтрів для приготування. Їх немає зовсім, то відразу купуйте фільтр #4",,,Відсутність мірної ложки та фільтрів для приготування,відразу розраховувати мірний ложка хочаб пробний фільтр приготування відразу купувати фільтр,Neutral
103,"В цілому непоганий, але кріплення замков і петель не для такої потужної ручки. Не продумано. Посилка прийшла швидко і якісно упакована. Дякую розетці.",Ручка,,,ціле непоганий кріплення замков петля такий потужний ручка продумати посилка прийти швидко якісно упакований розетці,Neutral
104,"Довго чекала можливості обновити плитку і задоволена. Порівняно зі старою небо і земля. Не віриться що все так гарно і легко працює
",Плитка,,,чекати можливість обновити плитка задоволений порівняно старий небо земля віритися гарно легко працювати,Positive
105,"Замовив цей девайс, добре, що у точці доставки розетки вирішив перевірити, на жаль не включився, і було зламане колесо регулювання.
",,,Зламане колесо регулювання та девайс не включився,замовити девайс точка доставка розетка вирішити перевірити жаль включитися зламаний колесо регулювання,Negative
106,"Вчора тільки отримали годинник. Неможемо знайти функцію прослушка.В характеристиках вказано.
І дуже поганий звук по відеозв'язку, в чому може бути причина?
",Годинник,,Немає функції прослушки в годиннику та поганий звук по відеозв'язку,вчора отримати годинник неможемо знайти функція прослушка характеристика вказати поганий звук причина,Negative
107,"Замовляли це масло в мотор після капіталки (ВАЗ-2103), потемніло вже після 1000 км. Крім того, упаковка товару нікудишня, була надірвана фольга та пломба, коробка виявилася вся в цьому ж маслі.",Масло для мотору,,"Неякісне, упаковка пошкоджена",замовляти масло мотор капіталки потемніти км упаковка товар нікудишній надірваний фольга пломба коробка виявитися масло,Negative
108,З коробки 2 години пограла і більше не зарядилась. Повернув місяць тому так ніхто і не звязавсься. Гроші не повернули і колонку нову не дали.,Колонка,,"Зламалась після 2 годин роботи, поганий сервіс",коробка година пограти зарядитися повернути місяць ніхто звязавсься гроші повернути колонка новий дати,Negative
109,"Неплохой скраб , но за такую цену мог бы быть получше. Чтоб сказать что эффект ВАУ то далеко нет.",Скраб,Висока,,неплохой скраб но такую цену мог бы быть получше чтоб сказать что эффект вау нет,Neutral
110,"Слабкуватий. Але збиває склянку молока. Щоправда, потім я для збивання молока пристосувала френч-прес. Френч прес набагато ефективніше)) зате цим збивачом зручно збивати білки в піну.",Збивач,,"Неефективна для взбивання молока, ефективна для взбивання білків у пену",слабкуватий збивати склянка молоко щоправда збивання молоко пристосувала френч прес френч прес набагато ефективніше збивачом зручно збивати білок піна,Neutral
111,"Хороший перехідник, але прослужив тільки півтора місяця. З кабелем VGA, монітором і відеокартою все впорядку
",Перехідник,,Прослужив недовго,хороший перехідник прослужити півтора місяць кабель vga монітор відеокарта впорядку,Negative
112,Доброго дня отримав данний перехідник при підключенні зображення на екрані зявилося але кожні 30-40 секунд пропадає сигнал.,Перехідник,,При підключенні зображення на екрані періодично пропадає сигнал протягом 30-40 секунд,добрий отримати данний перехідник підключення зображення екран зявилося секунда пропадати сигнал,Negative
113,"Мийку та змішувач доставили вчасно,але гарантійний талон на мийку зовсім не заповнений,а на змішувач взагалі гарантійного талона немає,відсутні також платіжні чеки на ці вироби
",Мийка та змішувач,,Незаповнений гарантійний талон на мийку та відсутність платіжних чеків на обидва вироби,мийка змішувач доставити вчасно гарантійний талон мийка заповнений змішувач взагалі гарантійний талон відсутній платіжний чек виріб,Negative
114,"Добрий день. Придбав ваш кабель. Скиньте, будь ласка, на пошту файли, котрі є на диску з кабелем.
",кабель,,,добрий придбати кабель скинути пошта файл котрий диск кабель,Neutral
115,"повний шлак. взагалі не чистить язик
просто вібрує вам язик і на тому все
чайна ложка куди ефективніше справляється з тою задачею і нічого додаткового купляти не треба
",Пристрій для чищення язика,,Не чистить язик,повний шлак взагалі чистити язик вібрувати язик чайний ложка ефективніше справлятися задача додатковий купляти,Negative
116,"Купляли цей попкорн навесні, було дуже смачно.
Купили тиждень тому - і повне розчарування.
Пересолений та багато мотлоху.
Більше купляти не будемо.
",попкорн,,Пересолений та багато мотлоху.,купляти попкорн навесні смачно купити тиждень повний розчарування пересолений мотлох купляти,Negative
117,"Роутер хороший, вайфай тягне через перекриття та товсту стіну.
За 2 місяці користування ніяких проблем.",Роутер,,Вайфай тягне через перекриття та товсту стіну,роутер хороший вайфай тягнути перекриття товстий стіна місяць користування ніякий проблема,Positive
118,"Хороші олівці, м'які і не блищать на папері. Магазин чудовий — уточнили деталі і відправили товар швидко, незважаючи на святкові дні. Дуже миле пакування з побажаннями.
",Олівці,,,хороший олівець блищати папір магазин чудовий уточнити деталь відправити товар швидко незважаючи святковий день милий пакування побажання,Positive
119,"гарний корпус ,добре продуваеться, влазять всі кулера
Щоб передня кришка легче знімалась треба змастити салидолом затискачі,тоді взагалі легко знімаеться
",,,,гарний корпус продуваеться влазять кулера передній кришка легче знімалась змастити салидолом затискачі взагалі легко знімаеться,Positive
120,"Підходить не до всіх типів шкіри, ролик не прокручується, потрібно допомагати руками ( відповідно забруднюється ). Брак серйозний !!!
",Крем для масажу,,Брак,підходити тип шкіра ролик прокручуватися допомагати рука відповідно забруднюється брак серйозний,Negative
121,"на цю стрічку у ванній кімнаті приклеїв стерилізатор для зубних щіток, через тиждень все відвалилось ...Добре хоч щітки цілі залишились...
",Стерилізатор для зубних щіток,,Стерилізатор для зубних щіток відвалився через тиждень після встановлення,стрічка ванний кімната приклеїв стерилізатор зубний щітка тиждень відвалитися щітки ціль залишитися,Negative
122,"Підійде для домашнього використання . Взяла один раз в спорт зал весь обшарпався... Дуже лущиться верхній шар (фіолетовий)
",,,Верхній шар фіолетового кольору сильно лущиться,підійти домашній використання взяти спорт зал обшарпатися лущитися верхній шар фіолетовий,Negative
123,"Отримав. Підключив. Все працює. Сканер виявив помилки у системі запалювання.
Діагностика допомогла усунути несправність. Автомобіль - КІА Ріо 3.",Сканер,,,отримати підключити працювати сканер виявити помилка система запалювання діагностика допомогти усунути несправність автомобіль кіа ріо,Positive
124,"Аромат так собі, в толпі вас не впізнають, стійкість на рівні 300 грн за банку. Ну це на мою думку. Виробник Іспанія.",Парфюм,,Стійкість слабка,аромат толпі впізнавати стійкість рівень грн банк думка виробник іспанія,Neutral
125,"Подарувала своєму хлопцю на новий рік, поки мінусів не виявили, йому подобається , зручно , що довжина регулюється коліщатком і не потрібно міняти насадки. За свою ціну
",Тример,,,подарувати свій хлопець новий мінус виявити подобатися зручно довжина регулюватися коліщатком міняти насадка ціна,Positive
126,"Нажаль мені не підійшла, почала свербіти голова, при коренях жирніють волосся, в мене фарбоване волосся та пористе, середньої густоти.
",,,,нажаль підійти свербіти голова корінь жирніють волосся фарбований волосся пористе середній густота,Negative
127,"Забрала вчора, виявився неробочим. Батерейок в комплекті не було, можливості перевірити на місці не було.
",Неробочий товар,,Не було батерейок у комплекті,забрати вчора виявитися неробочий батерейок комплект можливість перевірити місце,Negative
128,"Будь ласка не вводіть покупців в оману, на версії прошивки 1.5.1 у всьому європейському регіоні функція круїз контролю не доступна
скоріш за все це стосується всіх самокатів найнбот :)",Самокат,,Функція круїз-контролю недоступна,вводіть покупець омана версія прошивка європейський регіон функція круїз контроль доступний скоріше стосуватися самокат найнбот,Negative
129,"Дуже задоволена. Дякую за швидке і гарне обслуговування. Все як завжди відмінно!
Айкос дуже стильний, зручний. Працює добре, заряд тримає довго.
",Айкос,,,задоволений швидкий гарний обслуговування відмінно айкос стильний зручний працювати заряд тримати,Positive
130,"Вибирав по відгуках та вказаних в характеристиках розмірах. Мені підійшло ідеально. Комплектація була повною. Збирається та встановлюється дуже легко.
",Набір для збирання меблів,,,вибирати відгук вказаний характеристика розмір підійти ідеально комплектація повний збиратися встановлюватися легко,Positive
131,"Міцний шнур, що працює. Коли купував, то боявся, що будуть якісь проблеми(вже не раз попадався на те, що конектори не тримаються нормально), але тут поки все як треба.
",Шнур,,,міцний шнур працювати купувати боятися якийсь попадатися конектор триматися нормально,Positive
132,"На 1-й тиждень блохи зникли, на 2-й з'явилися знову. Інформація в описі про термін захисту 2 місяці не відповідає дійсності.",Спрей від блох,,"Термін захисту не відповідає дійсності, скарга на появу блох після закінчення двомісячного терміну",тиждень блоха зникнути інформація опис термін захист місяць відповідати дійсність,Negative
133,"Коли покупав годинник, був трохи деформований корпус. Але на роботу годинника це суттєво не вливає
",Годинник,,Корпус годинника деформований,покупати годинник деформований корпус робота годинник суттєво вливати,Neutral
134,"Дуже сподобалася, мавпочка з брязкальцем і вушка добре шарудять, гарний розмір, зручно тримати маленькою ручкою",Іграшка,,,сподобатися мавпочка брязкальцем вушка шарудіти гарний розмір зручно тримати маленький ручка,Positive
135,"В порівнянні з револьвером цієї ж фірми постріл досить слабкий. Постійно застрягає патрон. Стріляти потрібно з ""бубном"" тому що постріл буде зовсім слабким
",Револьвер,,"Патрон застрягає, постріл надто слабкий",порівняння револьвер фірма постріл слабкий постійно застрягати патрон стріляти бубон постріл слабкий,Negative
136,"Кабель дійсно якісний, обмотка та коннектори зроблені на совість, в роз'ємах не люфтять, з'єднання стабільне. Ноут з ним теж можна заряджати - перевірено.
",Кабель,,,кабель якісний обмотка коннектори зроблений совість люфтять стабільний ноут заряджати перевірити,Positive
137,"При збитті протеїну, надто багато бульбашок і ставати вдвічі більше в своїй формі.",Протеїн,,"Занадто багато пухирів при взбиванні протеїну в шейкері, збільшується вдвічі об'єм.",збиття протеїн надто бульбашка ставати вдвічі форма,Negative
138,"Через 2 тижні щоденного використання (нічого важкого,тільки склянка кави 250мл) практично перестав тримаються на колясці.. кріплення ослабло.",Сумка,,Неякісна,через тиждень щоденний використування нічого важкий тільки склянка кава практично перестав триматися коляска кріплення ослабло,Negative
139,"зазвичай беремо для мами L (TENA або SENI), тому без вагань замовила аж 3 упаковки (була акційна ціна), але ... облом. виявилися малі",Підгузники,Була акційна ціна,"Товар виявився меншого розміру, ніж очікувалося",брати мама l tena seni вагання замовити упаковка акційний ціна облом виявитися малий,Negative
140,"Wi-Fi працює добре, по мережі інтернет не роздає. До цього старий роутер роздавав по дротової мережі добре
",Роутер,,Погана робота мережі інтернет по Wi-Fi,wi fi працювати мережа інтернет роздавати старий роутер роздавати дротової мережа,Negative
141,"Вчора забрав, одразу не виявив проблеми, хочу повернути і взяти щось інше на заміну, хрипить лівий навушник, не сильно але неподобається. Як замінити чи повернути? ",Навушники,,Хрипить лівий навушник,вчора забрати одразу виявити проблема хотіти повернути взяти заміна хрипіти лівий навушник сильно неподобається замінити повернути,Negative
142,"Дуже виражений неприємний навіть токсичний запах, я взагалі не впевнена що це безпечно для дитини. Деякі малюнки видно ще до розмальовування, дитині одразу не цікаво малювати
",Книга для розмальовування,,Неприємний запах та погана якість малюнків,виражений неприємний токсичний запах взагалі впевнений безпечно дитина деякий малюнок видно розмальовування дитина одразу цікаво малювати,Negative
143,"Все працює супер. Світиться класно. Про те, що пишуть що мишка світиться при виключеному ноутбуці неправда, все виключажться разом з ноутбуком.
",Мишка для ноутбука,,,працювати супер світитися класно писати мишка світитися виключений ноутбук неправда виключажться разом ноутбук,Positive
144,"мягка але одночасно формована подушка. цікаві незвичні почуття. спиться добре і пройшли болі в потилиці.
",Подушка,,,мягка одночасно формований подушка цікавий незвичний почуття спатися пройти біль потилиця,Positive
145,"За свої кошти часи нормальні , але маленькі на руці , після року використання часи перестали працювати
",Часи,Дешеві ,Часи перестали працювати після року використання,кошти час нормальний маленький рука використання час перестати працювати,Neutral
146,"якість просто жах, я розумію шо за таку ціну чекати шось не логічно АЛЕ такої жахливої якості я не бачив ніколи
",,Дешевий,Неякісний,якість жах розуміти шо такий ціна чекати шось логічно такий жахливий якість бачити,Negative
147,"Брокколі одне із перших пюре, які спробувала моя донечка. пюре Gerber брокколі їй дуже сподобалось, смачне та має приємну консистенцію. Рекомендую.
",Пюре,,,брокколі одне перший пюре спробувати донечка пюре gerber брокколі сподобатися смачний приємний консистенція рекомендувати,Positive
148,"Через тиждень почалися проблем з кнопкою , не перемикались треки , не відповідало на дзвінок . А вже до 1го місяця використання просто почали глючити .... Вимикання музики , відконечування",Навушники,,Проблеми з кнопкою,тиждень початися проблема кнопка перемикались трек відповідати дзвінок місяць використання почати глючити вимикання музика відконечування,Negative
149,"Візуально до вподоби, як виглядає. Хід клавиш нормальний. Для мене трохи нахилу мало. Залишив би, якби працювало підсвічування клавиш. ((",Клавіатура,,,візуально вподоба виглядати хід клавиш нормальний нахил залишити якби працювати підсвічування клавиш,Neutral
150,Брал такой и сейчас буду заказивать здесь еще себе .Все хорошо действует.За свою ціну норм,,Дешевий,,брал такой и сейчас заказивать здесь еще хорошо действует ціна норма,Positive
151,"Поставив драйвера, навушники підключає, звук є, але не працює мікрофон. Пробував і airpods і xiaomi
",Драйвери,,Не працює мікрофон підключених навушників різних виробників,поставити драйвер навушник підключати звук працювати мікрофон пробувати airpods xiaomi,Negative
152,"Користуюсь близько тижня. Ефекту поки не помічаю, після нанесення шкіра м'яка та зволожена. Якихось кардинальних змін не помітила",Крем для шкіри,,,користуватися тиждень ефект помічати нанесення шкіра зволожений якийсь кардинальний зміна помітити,Neutral
153,"Викрутки на вигляд не погані,але при зусиллі повідламувались кінчики у хрестових і закінчення під ключ не з'єднане з стержнем викрутки, так що крутити ключем немає сенсу... Підійдуть для делікатних робіт....
",Викрутки,,"Кінчики у хрестових повідламувалися, закінчення під ключ не з'єднане зі стержнем викрутки",викрутка вигляд поганий зусилля повідламувались кінчик хрестовий закінчення ключ стержень викрутка крутити ключ сенс підійти делікатний робота,Neutral
154,"Чаї виробника смачні, але не всі. Дивно, що один і той самий чай в різних пакуваннях має різний смак. Краще вибирати подарункові набори - значно смачніші
",Чай,,Різний смак чаю в залежності від пакування,чаї виробника смачний дивно самий чай різний пакування різний смак вибирати подарунковий набір значно смачніший,Neutral
155,"Прийшло все з царапками дуже багато не глибоких, також є і глибокі царапини невідомого походження, упаковано і доставлено добре. ",,,Царапини,прийти царапками глибокий глибокий царапини невідомий походження упакувати доставити,Negative
156,"Купували в офіс за акційною ціною. Готується в кавомашині Saeco. Смак ненасичений, аромат готової кави майже відсутній, пінка зникає практично відразу. За таку ціну можна знайти дійсно чудову смачну каву.
",Кавомашина,Акція,"Смак ненасичений, аромат відсутній, пінка швидко зникає",купувати офіс акційний ціна готуватися кавомашина saeco смак ненасичений аромат готовий кава відсутній пінка зникати практично відразу такий ціна знайти чудовий смачний кава,Negative
157,"Машинка класна, взяв уже другу для батьків. Користуюся першою уже 1,5роки, без нарікань. Довгий шнур, легка та міцна як на мене насадка.",Машинка,,,машинка класний взяти уж другий батьки користуватися перший уж нарікання довгий шнур легкий міцний насадка,Positive
158,"Смачна. Не перший раз замовляємо і дуже задоволені. Малюк їсть з радістю.
Ціна влаштовує. З зовнішнім виглядом упаковки та терміном реалізації проблем не було.
",Їжа для дитини,,,смачний замовляти задоволений малюк їсти радість ціна влаштовувати зовнішній вигляд упаковка термін реалізація проблема,Positive
159,Машинка дійсно класна працює без перебоїв! За 4-години безперервної роботи майже не нагрілась! Шкода що комплектація мала.,Машинка,,,машинка класний працювати перебій безперервний робота нагрітися шкода комплектація мати,Positive
160,"Замерз у морозильнику (-8).
Сильно і довго тхне ""хімією"".
Залишає розводи, бруд з лобового не відмиває навіть в теплу погоду.
З іншими, навіть дешевшими такого не було.",Омивач,,"Замерзає у морозильнику, сильно пахне хімією, залишає розводи та бруд на лобовому склі",замерз морозильник сильно тхнути хімія залишати розводи бруд лобового відмивати теплий погода інший дешевший такий,Negative
161,"Також прийшла не робоча рулетка,ручка на ножівці не виглядає надійною. Такі дрібниці псують загальне воаження.
",Рулетка,,"Також прийшла не робоча рулетка, ручка на ножівці не виглядає надійною. Такі дрібниці псують загальне враження.",прийти робочий рулетка ручка ножівка виглядати надійний дрібниця псувати загальний воаження,Negative
162,"не сподобалося. краще вже gimoka. варю в гейзерній кавоварці - від звареної кави враження таке, що вона розбавлена водою.
",Кава,,"Кава, зварена в гейзерній кавоварці, здається розбавленою водою",сподобатися gimoka варити гейзерний кавоварка зварений кава враження розбавлений вода,Negative
163,"Брав для резинок на дверях, ефекту нуль! Як замерзало при -2-3, так і замерзає, а може і більше. Не вартує купляти",Резинки на двері,,Ефект нуль не працює при низьких температурах,брати резинка двері ефект нуль замерзало замерзати вартувати купляти,Negative
164,"Вважаю ціна не відповідає якості звуку.
Моторолла верв бадс 300 грають краще, звукоізоляція краще, баси теж краще.",Наушники,Дорого,"Звукова якість не відповідає ціні, погана звукоізоляція, слабкі баси",вважати ціна відповідати якість звук моторолла верв бадс грати звукоізоляція бас,Negative
165,"Люблю цю туш,хороша якість. Але запакована вона має бути нормально. До користувача її не мають відкривати. А на ній навіть наклейка не належне,не те,що захисна плівка .
",Туш,,"Туш не була правильно запакована, не мала наклейки та захисної плівки.",любити туш хороший якість запакований нормально користувач мати відкривати наклейка належний захисний плівка,Neutral
166,"Чохол так собі, пошитий добре, але спати на ньому не дуже приємно, ширяє. А це й не дивно, адже це хімія.",Чохол,,"Незручно спати в чехлі через те, що він парить.",чохол пошитий спати приємно ширяти дивно хімія,Negative
167,"Шукала скляний чайник з категорії малогабаритних в лікарню, та в подальшому для подорожей. Покупкою задоволена. Пишуть в відгуках, що кришка не до кінця відкривається, в мене з цим все ОК
",Скляний чайник малогабаритний,,Кришка не до кінця відкривається,шукати скляний чайник категорія малогабаритний лікарня подальшому подорож покупка задоволений писати відгук кришка кінець відкриватися ок,Positive
168,"цікавий смак, новий для мене бренд Гевалія, почитав що один із лідерів у скандинавських країнах а там точно роблять якісно
рекомендую
дякую Розетка за швидку доставку!
",Кава,,,цікавий смак новий бренд гевалія почитати лідер скандинавський країна точно робити якісно рекомендувати розетка швидкий доставка,Positive
169,"Спочатку все було добре, але згодом волосся стало набагато сухішим, неслухняним і у спрея з’явився запах як у дешевого старого мила… ",Спрей для волосся,,Скарга на зміну структури та запаху спрею для волосся,згодом волосся стати набагато сухіший неслухняний спрея запах дешевий старий мило,Negative
170,"Не беріть цей товар. Інтрукції нема, всі кнопки англійською. Дзвонив на гарячу лінію, у відповідь: «Ми вам відправимо інструкцію у пдф форматі». Зіпсований настрій, витрачений час.
",,,Не отримав інструкції для товару після дзвінка на гарячу лінію.,брати товар інтрукції нема кнопка англійська дзвонив гарячий лінія відповідь відправити інструкція пдф формат зіпсований настрій витрачений,Negative
171,"продали бракований товар. Діагностували три тижні. Поветати коштів або обмінювати не хочуть. Не рекомендую даний магазин
",,,Бракований товар,продати бракований товар діагностувати тиждень поветати коштів обмінювати хотіти рекомендувати даний магазин,Negative
172,"Клавіатура чудова, дуже якісна механіка. Приємна підсвітка.
Але я дуже розчарований відсутністю оголошеного подарунку у вигляді маніпулятора.
",клавіатура,,відсутність оголошеного подарунку у вигляді маніпулятора,клавіатура чудовий якісний механіка приємний підсвітка розчарований відсутність оголошений подарунку вигляд маніпулятор,Neutral
173,"Гарна якість за ці гроші , чудово підійшов під руль для ігор , відрізав лишнє , та готово ! Продавець швидко його відправив !
",Руль для ігор,,,гарний якість гроші чудово підійти руль гра відрізати лишній готово продавець швидко відправити,Positive
174,"користуємось близько 2-х тижнів. Коли ночі стали прохолодніші, син почав мерзнути під ковдрою (з підковдрою). Доводиться накривати зверху ще флісовою ковдрою.
Брали на зиму, сподівались буде теплішою",Ковдра,,"Скарга на те, що ковдра недостатньо тепла",користуємось тиждень ніч стати прохолодніший син почати мерзнути ковдра підковдра доводитися накривати зверху флісовий ковдра брати зима сподіватися тепліший,Negative
175,Часто пропадає вай-фай. Доводиться перезагружати пристрій.В мене двохповерховий будинок -покриття вай-фай на сто відсотків все не покриває. На дворі є сигнал макс до 15 метрів,Роутер,,"Часто пропадає вай-фай, доводиться перезагружати пристрій. Покриття вай-фай не покриває 100% двоповерхового будинку, на дворі є сигнал макс до 15 метрів.",пропадати вай фай доводитися перезагружати пристрій двохповерховий будинок вай фай сто покривати двір сигнал макс метр,Negative
176,"Хороший набір, для нашої дитини просто супер. Вньому є зручна корзинка для зберігання, 2 досточки , 2 ножечка і безліч овочів.",Іграшка,,,хороший набір дитина супер вньому зручний корзинка зберігання досточки ножечка безліч овоч,Positive
177,"З вигляду клава чудова. Проте є дуже суттєві недоліки.
Вузькі клавіші.не дуже зручно тримати руку під час ігор. Треба дуже звикати
На лакованих поверхнях клава просто ковзає.
Задротам не рекомендую
",Клавіатура,,"Вузькі клавіші, клавіша ковзає на лакованих поверхня",вигляд клава чудовий суттєвий недолік вузький зручно тримати рука гра звикати лакований поверхня клава ковзати задротам рекомендувати,Negative
178,"якісний сенсор - фліки, наводка усе чудово
гарна градієнтна підсвітка
легка вага, легкий кабель-паракорд - одразу не потрібен підтримувач для дроту за свою ціну для шутерів топова миша! 5/5",миша,,,якісний сенсор фліки наводка чудово гарний градієнтний підсвітка легкий вага легкий кабель паракорд одразу потрібний підтримувач дріт ціна шутер топовий миша,Positive
179,"Ось так виглядає крісло через рік, я не дуже важкий 60 кг (якщо це важливо
Але перші пів року було прям дуже зручно",Крісло,,"Перші пів року було зручно, але потім стало менш зручним",виглядати крісло важкий кг важливо перший пів прям зручно,Neutral
180,"На жаль поставляється без батарей - перевірити відразу не можливо.
Колір має бути БІЛИЙ, а надіслано ЧОРНИЙ.
Але , як на мене, чорний навіть кращий.
",,,Колір товару не відповідає замовленню,жаль поставлятися батарея перевірити відразу можливо колір білий надіслати чорний чорний кращий,Negative
181,"дуже сподобались, кращі як на фото , якість шикарна, як б'ють по ногам навіть не чути))) рекомендую!
",Куртки,,,сподобатися кращий фото якість шикарний ногам чути рекомендувати,Positive
182,"Не рекомендую брати даний набір краще вже за ті гроші замовити великий сет суші або купити квітів
",,,Погана якість,рекомендувати брати даний набір гроші замовити великий сет суші купити квіти,Negative
183,"Якість жахлива. Купував окремо простирадло, окремо підковдру, кольора різні при однаковому коді і моделі. Після 2 строк жахливе закошлачення, неможливо спати. Не рекомендую.",Постільна білизна,,Погана якість,якість жахливий купувати окремо простирадло окремо підковдра кольора різний однаковий код модель строк жахливий закошлачення неможливо спати рекомендувати,Negative
184,"Як на мене середній, як пил, пересипав у банку, вся кухня у білому порошку, Дуже солодкий, з п'ю водою. З молоком неможливо пити",Кава,,Погана якість,середній пил пересипати банк кухня білий порошок солодкий вода молоко неможливо пити,Negative
185,"Спочатку все обличчя почервоніло і так тррвало декілька годин. Потім з'явився пухир на всьому носі. Залишився опік, який не сходив 2 тижні",,,"Опис поганого досвіду: обличчя червоніло, з'явився пухир на носі, залишився опік на шкірі протягом 2 тижнів",обличчя почервоніти тррвало година пухир нос залишитися опік сходити тиждень,Negative
186,"Досить приємна кава - зерна цілі, добре обсмажені. Оптимальна суміш робусти та арабіки, насичений смак, гарний аромат, дуже приємний післясмак. Всім раджу каву Jacobs !!!
",кава,,,приємний кава зерна ціль обсмажений оптимальний суміш робусти арабіки насичений смак гарний аромат приємний післясмак радити кава jacobs,Positive
187,"Добрий вечір! Замовляла тут навушники, в білому кольорі - достойно виглядають і мають хороший звук. Також доволі швидко заряджаються і довгий час тримають заряд.
",Навушники,,,добрий вечір замовляти навушник білий колір достойно виглядати мати хороший звук доволі швидко заряджаються довгий тримати заряд,Positive
188,"Рабоча штука. Коври стірав мотори мив і сковородки і витяжки чистив. Своє одробила ше і в оренду думаю здать.
",,,Негативний досвід через пошкодження речей.,рабоча штука коври стірав мотор мив сковородки витяжка чистити одробити ше оренда думати здати,Positive
189,"Забрав мишку зразу в перший день начала люфтіть права кнопка миші а так вроді нормально
",Мишка,,Погана якість,забрати мишка зразу начала люфтіть право кнопка миш врода нормально,Neutral
190,"Прошу зв'язатися зі мною для урегулювання мого питання повернення коштів (оплата онлайн) або виконання замовлення!
",,,Сервіс,просити урегулювання питання повернення коштів оплата онлайн виконання замовлення,Negative
191,"Якість хороша, алергії немає, ні чим не лірші ха звичайні памрерс чи хагіс, але нам протікають, більше не буду брати
",Підгузники,,протікають,якість хороший алергія лірші ха звичайний памрерс хагіс протікати брати,Neutral
192,"Щойно забрав каву. Ще не куштував. Дуже не сподобалось що упаковка не вакуумна. Оновлю оцінку якщо сподобається на смак.
",Кава,,Упаковка не вакуумна,щойно забрати кава куштувати сподобатися упаковка вакуумний оновлю оцінка сподобатися смак,Negative
193,"Повівся на те що будут ножиці в комплекті як на відео розпаковки та в коментарях людей і купив. По факту їх немає... . Повернути товар не можна....
",,,Невідповідність з описом на сайті,повестися будут ножиці комплект відео розпаковка коментар людина купити факт повернути товар,Negative
194,"Як на мене нормальний інструмент, для дому те, що потрібно. Шкода, що настадок в комплекті не має.
",Інструмент для дому,,Насадок немає,нормальний інструмент дім шкода настадок комплект,Positive
195,"Купила подушку MirSon Bambuk 60?60, за 3 місяці вона збилась. Купила цей наповнювач, щоб подушка стала вищою і товстішою.",Подушка,,Подушка збилась за 3 місяці,купити подушка mirson bambuk місяць збитися купити наповнювач подушка стати вищий товстіший,Negative
196,"пропила майже всю баночку, не відчуваю по собі якихось помітних змін. ну хіба шо не така виснаженість тепер..
",,,Недостатня кількість продукту в упаковці,пропити баночка відчувати якийсь помітний зміна шо виснаженість,Neutral
197,"Після загрузки включаються нулі, і після 5 секунд гасне і не вимірює вагу , не можу звязати, не ревгує , батерейки міняв на дорогі і дешеві!
Чекаю реакції від компанії",Ваги,,"Не реагує на вагу, не вимірює вагу, не можу звязати з вагами",загрузка включатися нулі секунда гаснути вимірювати вага могти звязати ревгує батерейки міняти дорогий дешевий чекати реакція компанія,Negative
198,"Який клас енергозбереження? Порадьте економну духовку, оскільки на квартиру роздається 5.5 квт на все. Дякую.",Енергозберігаюча духовка,,,клас енергозбереження порадити економний духовка оскільки квартира роздається квт,Neutral
199,"З коробки виходить 8 чашок кави, що небагато за свої гроші. Адже всередині 8 капсул з сухими вершками і 8 - з меленою кавою.",Кава в капсулах,Дешева,Недостатня кількість капсул з кавою у порівнянні зі сухими вершками,коробка виходити чашка кава гроші всередині капсула сухий вершок мелений кава,Negative
200,"Сильно виражений вівсяний смак. Більше не замовлю, адже смак кави взагалі не відчувається з цим молоком. Найкращі в лінійці - кокосове та мигдальне.
",Вівсяне молоко,,Скарга на сильно виражений вівсяний смак та відсутність смаку кави,сильно виражений вівсяний смак замовити смак кава взагалі відчуватися молоко найкращий лінійка кокосовий мигдальний,Negative
201,"При поломці пістолету вийшла помилка, Розетки поклали інший гарантійний від іншого пістолету і в результаті неможливо було відремонтувати пристрій
",Пістолет,,Питання з гарантійними деталями при ремонті пістолету,поломка пістолету вийти помилка розетка покласти гарантійний інший пістолету результат неможливо відремонтувати пристрій,Negative
202,"Звук хороший, трохи погано налаштовані високі частоти(на максимальній гучності шиплять), а в цілому все на тверду 4! Як гарнітура не дуже - співрозмовник погано чує вас.",Гарнітура,,Трохи погано налаштовані високі частоти на максимальній гучності шиплять,звук хороший погано налаштований високий максимальний гучність шипіти ціле тверду гарнітура співрозмовник погано чути,Neutral
204,"Зручно контролювати тиск по манометру і подовжувач стався у нагоді коли треба було підкачати колеса на гіроборді.
",Гіроборд,,,зручно контролювати тиск манометр подовжувач статися нагода підкачати колесо гіроборд,Positive
205,"заказ прийшов дуже швидко. Ждала з ненерпінням, і розчарувалась... кришка зверху потерта , пакети з комплектуючими розірвані . Неприємно, мягко кажучи ...
",,,"Кришка зверху потерта, пакети з комплектуючими розірвані",заказ прийти швидко ждати ненерпінням розчаруватися кришка зверху потертий пакет комплектуючий розірваний неприємно мягко кажучи,Negative
206,"Кабель як кабель, купив два, поки що використав один - гут. Винт працює.
Довжина мабуть 30см, так що якщо до верхніх карманів АТХ може не дотягнутися.",Кабель,,,кабель кабель купити використати гут винт працювати довжина мабуть см верхній карман атх дотягнутися,Neutral
207,"Через певний час, почав несамовито шипіти мікрофон, переустановлював драйвера на самі нові, не допомагало, повернув на обмін, чекаю що буде далі
",Мікрофон,,"Несамовите шипіння мікрофона, несправність",певний почати несамовито шипіти мікрофон переустановлював драйвер новий допомагати повернути обмін чекати,Negative
208,"Дезодорант приїхав у відділення без упаковки. Відкритий. Це засіб індивідуальної гігієни й така ситуація не припустима.
",Дезодорант,,Товар приїхав без упаковки та відкритий,дезодорант приїхати відділення упаковка відкритий засіб індивідуальний гігієна ситуація припустимий,Negative
209,"Картридж дійсно підходить під глечик Аквафор. Але якщо В100-6 нам на сім'ю вистачало на 4 тижні, то цього картриджу вистачає на 2 тижні. Невигідно виходить...",Картридж для глечика Аквафор,,Недовге використування ,картридж підходити глечик аквафор вистачати тиждень картриджу вистачати тиждень невигідно виходити,Negative
210,"якщо чесно то дуже спорний варіант бо і комплект не повний так і вага цієї миші дозволяе використовувати її як зброю.
",Миша,,Погана якість,чесно спорний варіант комплект повний вага миш дозволяе використовувати зброя,Negative
211,"Папки не з тонкого картону, нормальні. Вагалась чи брати 50 шт, оскільки на сайті на папці написано ""папка для бумаг"" , а отримала з написом ""папка для паперів"" . Супер.",Папки,,Невідповідність з описом на сайті,папка тонкий картон нормальний вагалась брати шт оскільки сайт папці написати папка бумаг отримати напис папка папір супер,Positive
212,"Провід землі у плоского кабелю повинен бути розташований між нулем і фазою для меншого нагрівання і безпеки.
",Кабель,,Не відповідає вимогам безпеки,провід земля плоский кабель повинний розташований нуль фаза менший нагрівання безпека,Negative
213,"Аромат приємний, ніжний. І квітковий, але і свіжий. На літо підходить. Купляла тестер, ще й по акційній ціні, так що покупкою задоволена.
",Парфюм,Акція,,аромат приємний ніжний квітковий свіжий літо підходити купляти тестер акційний ціна покупка задоволений,Positive
214,"Чудовий універсальний кабель, можна зарядити практично що завгодно від чого завгодно. Проте перехідника lighning вистачило лише на три місяці, зовсім перестав заряджати. За три місяці ставлю три зірки…
",Кабель,,Перехідник Lightning перестав заряджати через 3 місяці,чудовий універсальний кабель зарядити практично завгодно завгодно перехідника lighning вистачити місяць перестати заряджати місяць ставити зірка,Neutral
215,"Хороший тример, стриже добре. Нерве волосся, гостріножі,удобно найбільша насадка має 21мм.
Серед недоліків батареї хватає на 2 максімум стрижки, і коли включена на зарядці то неможна стригти.голосно робить",Тример,,"Зарядка недоступна під час стрижки, батарея швидко розряджається",хороший тример стриже нерве волосся гостріножі удобно найбільший насадка мм серед недолік батарея хватати максімум стрижка включений зарядка неможний робити,Positive
216,"Неадекватні нечитабельні показники пульс взагалі неадекват, сатурація в одному положенні можна розгледіти тільки першу цифру тобто 9 друга просто світиться вся",Пульсоксиметр,,Погана якість,неадекватний нечитабельний показник пульс взагалі неадекват сатурація одному положення розгледіти перший цифра тобто другий світитися,Negative
217,"Купували перший раз,щоб підібрати для малюка. В наборі були Evy Baby, Bella Baby Happy, Libero та Pampers. Libero отримує 3 по п'ятибальній системі,але вибір за вами.",Підгузники,,,купувати підібрати малюк наборі evy baby bella baby happy libero pampers libero отримувати система вибір,Neutral
218,"Має всі потрібні функції, працює чітко. Не треба з собою брати подовжувач і таскати шнур.
",Зарядний пристрій,,Відсутність підключення до змінної мережі,потрібний функція працювати чітко брати подовжувач таскати шнур,Positive
219,"Купляла в основному щоб був розумний аналіз тіла , а показує тільки вагу і все.
",Ваги,,"Не задовольнила функціональність аналізу тіла, показує лише вагу",купляти основному розумний аналіз тіло показувати вага,Negative
